{
  "mean": [
    0.08534656582786602,
    0.10144058693382753,
    -0.11289518898813294,
    -0.0017620840889414021,
    0.007052825469664691,
    -0.003408872769248405,
    -0.04011771454223508
  ],
  "std": [
    0.3645062863654166,
    0.3873301656676458,
    0.4820062072394784,
    0.04096738782976283,
    0.0683160813657399,
    0.07233741244398297,
    0.9991949604469726
  ],
  "min": [
    -0.9375,
    -0.9375,
    -0.9375,
    -0.25821428571428573,
    -0.375,
    -0.36,
    -1.0
  ],
  "max": [
    0.9375,
    0.9375,
    0.9375,
    0.35571428571428576,
    0.375,
    0.375,
    1.0
  ]
}