{
  "fp16": {
    "metrics": {
      "BLEU": [
        0.0200920333304518,
        2.5268339373357307e-10,
        6.102394957116048e-13,
        3.096288716290844e-14
      ],
      "CIDEr": 0.000304170057038059,
      "CosineSim": 0.5113108853499094
    },
    "avg_fidelity": null,
    "num_samples": 3
  },
  "static": {
    "metrics": {
      "BLEU": [
        0.02998138915920417,
        4.0204647289894815e-10,
        9.81724453468268e-13,
        4.961075101829592e-14
      ],
      "CIDEr": 0.0,
      "CosineSim": 0.362777312596639
    },
    "avg_fidelity": 0.8797036012013754,
    "num_samples": 3
  },
  "dynamic": {
    "metrics": {
      "BLEU": [
        2.0595253411214525e-07,
        6.092158116368615e-15,
        2.3738275939127233e-17,
        1.7621613699020064e-18
      ],
      "CIDEr": 0.0,
      "CosineSim": 0.1574007198214531
    },
    "avg_fidelity": 0.950412929058075,
    "num_samples": 3
  }
}